{"accuracy": [0.26118531823158264, 0.4938230514526367, 0.6057596206665039, 0.6741235256195068, 0.7287145256996155, 0.7715358734130859, 0.8028380870819092, 0.8312187194824219, 0.8612687587738037, 0.8849749565124512, 0.8979966640472412, 0.9141068458557129, 0.9277963042259216, 0.9295492768287659, 0.9400667548179626, 0.9513355493545532, 0.9559265375137329, 0.9565943479537964, 0.9633556008338928, 0.9624373912811279, 0.9721202254295349, 0.972287118434906, 0.9711185097694397, 0.9805509448051453, 0.9703672528266907, 0.9787145256996155, 0.9823873043060303, 0.9767946600914001, 0.9849749803543091, 0.9849749803543091], "loss": [1.990852952003479, 1.4231096506118774, 1.1309700012207031, 0.9435781836509705, 0.7996704578399658, 0.6757014989852905, 0.5849911570549011, 0.49924105405807495, 0.4183124601840973, 0.3488962650299072, 0.30277541279792786, 0.2558310627937317, 0.21948111057281494, 0.2014869898557663, 0.17694035172462463, 0.14555957913398743, 0.13472208380699158, 0.12658125162124634, 0.11177339404821396, 0.11226774752140045, 0.08317513018846512, 0.08403043448925018, 0.09206601977348328, 0.05757303535938263, 0.08463817089796066, 0.06011905148625374, 0.05155976489186287, 0.0679355040192604, 0.04437871277332306, 0.04530418664216995], "val_accuracy": [0.41168615221977234, 0.57529217004776, 0.6590985059738159, 0.7048413753509521, 0.731218695640564, 0.7883138656616211, 0.8006677627563477, 0.8160266876220703, 0.8537562489509583, 0.8510851263999939, 0.8634390830993652, 0.8667779564857483, 0.8577629327774048, 0.8691151738166809, 0.8774624466896057, 0.8774624466896057, 0.9061769843101501, 0.8954924941062927, 0.890150249004364, 0.9071786403656006, 0.899833083152771, 0.9018363952636719, 0.9035058617591858, 0.9148581027984619, 0.9045075178146362, 0.9035058617591858, 0.8958263993263245, 0.9118530750274658, 0.9195325374603271, 0.9191986918449402], "val_loss": [1.6192022562026978, 1.2022231817245483, 1.0008900165557861, 0.8596612811088562, 0.7849907875061035, 0.621345043182373, 0.5947169661521912, 0.5347557663917542, 0.4455992877483368, 0.4468790292739868, 0.4182240664958954, 0.41160401701927185, 0.4496626853942871, 0.40660178661346436, 0.3981764018535614, 0.4294140934944153, 0.3129432499408722, 0.36399468779563904, 0.41498497128486633, 0.34621256589889526, 0.37667280435562134, 0.412293404340744, 0.34630247950553894, 0.32757410407066345, 0.3657737374305725, 0.3768936097621918, 0.42383673787117004, 0.3503009080886841, 0.3670508861541748, 0.324977308511734]}